item,title,genres,ratings
356,Forrest Gump (1994),Comedy|Drama|Romance|War,4
318,"Shawshank Redemption, The (1994)",Crime|Drama,4.5
296,Pulp Fiction (1994),Comedy|Crime|Drama|Thriller,4
593,"Silence of the Lambs, The (1991)",Crime|Horror|Thriller,3
2571,"Matrix, The (1999)",Action|Sci-Fi|Thriller,5
260,Star Wars: Episode IV - A New Hope (1977),Action|Adventure|Sci-Fi,4
480,Jurassic Park (1993),Action|Adventure|Sci-Fi|Thriller,4.5
110,Braveheart (1995),Action|Drama|War,3
589,Terminator 2: Judgment Day (1991),Action|Sci-Fi,4
527,Schindler's List (1993),Drama|War,4
2959,Fight Club (1999),Action|Crime|Drama|Thriller,4.5
1,Toy Story (1995),Adventure|Animation|Children|Comedy|Fantasy,4
1196,Star Wars: Episode V - The Empire Strikes Back (1980),Action|Adventure|Sci-Fi,4.5
50,"Usual Suspects, The (1995)",Crime|Mystery|Thriller,
2858,American Beauty (1999),Drama|Romance,2.5
47,Seven (a.k.a. Se7en) (1995),Mystery|Thriller,4
780,Independence Day (a.k.a. ID4) (1996),Action|Adventure|Sci-Fi|Thriller,3.5
150,Apollo 13 (1995),Adventure|Drama|IMAX,3.5
1198,Raiders of the Lost Ark (Indiana Jones and the Raiders of the Lost Ark) (1981),Action|Adventure,4
4993,"Lord of the Rings: The Fellowship of the Ring, The (2001)",Adventure|Fantasy,4
1210,Star Wars: Episode VI - Return of the Jedi (1983),Action|Adventure|Sci-Fi,4
858,"Godfather, The (1972)",Crime|Drama,4
457,"Fugitive, The (1993)",Thriller,
592,Batman (1989),Action|Crime|Thriller,
2028,Saving Private Ryan (1998),Action|Drama|War,
5952,"Lord of the Rings: The Two Towers, The (2002)",Adventure|Fantasy,4
7153,"Lord of the Rings: The Return of the King, The (2003)",Action|Adventure|Drama|Fantasy,4
588,Aladdin (1992),Adventure|Animation|Children|Comedy|Musical,3.5
608,Fargo (1996),Comedy|Crime|Drama|Thriller,3.5
2762,"Sixth Sense, The (1999)",Drama|Horror|Mystery,4
380,True Lies (1994),Action|Adventure|Comedy|Romance|Thriller,
32,Twelve Monkeys (a.k.a. 12 Monkeys) (1995),Mystery|Sci-Fi|Thriller,
364,"Lion King, The (1994)",Adventure|Animation|Children|Drama|Musical|IMAX,4
1270,Back to the Future (1985),Adventure|Comedy|Sci-Fi,4.5
377,Speed (1994),Action|Romance|Thriller,
3578,Gladiator (2000),Action|Adventure|Drama,3
4306,Shrek (2001),Adventure|Animation|Children|Comedy|Fantasy|Romance,5
1580,Men in Black (a.k.a. MIB) (1997),Action|Comedy|Sci-Fi,4.5
590,Dances with Wolves (1990),Adventure|Drama|Western,
648,Mission: Impossible (1996),Action|Adventure|Mystery|Thriller,4
344,Ace Ventura: Pet Detective (1994),Comedy,3.5
4226,Memento (2000),Mystery|Thriller,4
367,"Mask, The (1994)",Action|Comedy|Crime|Fantasy,4
6539,Pirates of the Caribbean: The Curse of the Black Pearl (2003),Action|Adventure|Comedy|Fantasy,3
58559,"Dark Knight, The (2008)",Action|Crime|Drama|IMAX,5
595,Beauty and the Beast (1991),Animation|Children|Fantasy|Musical|Romance|IMAX,3
1214,Alien (1979),Horror|Sci-Fi,3.5
1036,Die Hard (1988),Action|Crime|Thriller,3
500,Mrs. Doubtfire (1993),Comedy|Drama,
165,Die Hard: With a Vengeance (1995),Action|Crime|Thriller,
1265,Groundhog Day (1993),Comedy|Fantasy|Romance,
79132,Inception (2010),Action|Crime|Drama|Mystery|Sci-Fi|Thriller|IMAX,5
1197,"Princess Bride, The (1987)",Action|Adventure|Comedy|Fantasy|Romance,4.5
1704,Good Will Hunting (1997),Drama|Romance,4
6377,Finding Nemo (2003),Adventure|Animation|Children|Comedy,4
316,Stargate (1994),Action|Adventure|Sci-Fi,
1291,Indiana Jones and the Last Crusade (1989),Action|Adventure,
1721,Titanic (1997),Drama|Romance,3
2628,Star Wars: Episode I - The Phantom Menace (1999),Action|Adventure|Sci-Fi,3.5
153,Batman Forever (1995),Action|Adventure|Comedy|Crime,
1136,Monty Python and the Holy Grail (1975),Adventure|Comedy|Fantasy,4
597,Pretty Woman (1990),Comedy|Romance,
3793,X-Men (2000),Action|Adventure|Sci-Fi,4
1193,One Flew Over the Cuckoo's Nest (1975),Drama,
293,Léon: The Professional (a.k.a. The Professional) (Léon) (1994),Action|Crime|Drama|Thriller,
231,Dumb & Dumber (Dumb and Dumber) (1994),Adventure|Comedy,
10,GoldenEye (1995),Action|Adventure|Thriller,
4886,"Monsters, Inc. (2001)",Adventure|Animation|Children|Comedy|Fantasy,4.5
1089,Reservoir Dogs (1992),Crime|Mystery|Thriller,
1240,"Terminator, The (1984)",Action|Sci-Fi|Thriller,4
6874,Kill Bill: Vol. 1 (2003),Action|Crime|Thriller,4
7361,Eternal Sunshine of the Spotless Mind (2004),Drama|Romance|Sci-Fi,3.5
1221,"Godfather: Part II, The (1974)",Crime|Drama,
2329,American History X (1998),Crime|Drama,
34,Babe (1995),Children|Drama,
1200,Aliens (1986),Action|Adventure|Horror|Sci-Fi,
1213,Goodfellas (1990),Crime|Drama,
8961,"Incredibles, The (2004)",Action|Adventure|Animation|Children|Comedy,4.5
1682,"Truman Show, The (1998)",Comedy|Drama|Sci-Fi,
541,Blade Runner (1982),Action|Sci-Fi|Thriller,4.5
736,Twister (1996),Action|Adventure|Romance|Thriller,
4995,"Beautiful Mind, A (2001)",Drama|Romance,
1097,E.T. the Extra-Terrestrial (1982),Children|Drama|Sci-Fi,4
5349,Spider-Man (2002),Action|Adventure|Sci-Fi|Thriller,3
733,"Rock, The (1996)",Action|Adventure|Thriller,
2683,Austin Powers: The Spy Who Shagged Me (1999),Action|Adventure|Comedy,4
1206,"Clockwork Orange, A (1971)",Crime|Drama|Sci-Fi|Thriller,
2716,Ghostbusters (a.k.a. Ghost Busters) (1984),Action|Comedy|Sci-Fi,3.5
4973,"Amelie (Fabuleux destin d'Amélie Poulain, Le) (2001)",Comedy|Romance,
5445,Minority Report (2002),Action|Crime|Mystery|Sci-Fi|Thriller,4
1073,Willy Wonka & the Chocolate Factory (1971),Children|Comedy|Fantasy|Musical,
4963,Ocean's Eleven (2001),Crime|Thriller,
1527,"Fifth Element, The (1997)",Action|Adventure|Comedy|Sci-Fi,
33794,Batman Begins (2005),Action|Crime|IMAX,
586,Home Alone (1990),Children|Comedy,
587,Ghost (1990),Comedy|Drama|Fantasy|Romance|Thriller,
5989,Catch Me If You Can (2002),Crime|Drama,
208,Waterworld (1995),Action|Adventure|Sci-Fi,
1968,"Breakfast Club, The (1985)",Comedy|Drama,
185,"Net, The (1995)",Action|Crime|Thriller,
5418,"Bourne Identity, The (2002)",Action|Mystery|Thriller,
3147,"Green Mile, The (1999)",Crime|Drama,
2,Jumanji (1995),Adventure|Children|Fantasy,
349,Clear and Present Danger (1994),Action|Crime|Drama|Thriller,
3996,"Crouching Tiger, Hidden Dragon (Wo hu cang long) (2000)",Action|Drama|Romance,
7438,Kill Bill: Vol. 2 (2004),Action|Drama|Thriller,4
1258,"Shining, The (1980)",Horror,
4878,Donnie Darko (2001),Drama|Mystery|Sci-Fi|Thriller,3.5
2918,Ferris Bueller's Day Off (1986),Comedy,
924,2001: A Space Odyssey (1968),Adventure|Drama|Sci-Fi,4.5
253,Interview with the Vampire: The Vampire Chronicles (1994),Drama|Horror,
329,Star Trek: Generations (1994),Adventure|Drama|Sci-Fi,
2115,Indiana Jones and the Temple of Doom (1984),Action|Adventure|Fantasy,4
1208,Apocalypse Now (1979),Action|Drama|War,
4896,Harry Potter and the Sorcerer's Stone (a.k.a. Harry Potter and the Philosopher's Stone) (2001),Adventure|Children|Fantasy,
48516,"Departed, The (2006)",Crime|Drama|Thriller,
539,Sleepless in Seattle (1993),Comedy|Drama|Romance,
1732,"Big Lebowski, The (1998)",Comedy|Crime,
1923,There's Something About Mary (1998),Comedy|Romance,
68954,Up (2009),Adventure|Animation|Children|Drama,
39,Clueless (1995),Comedy|Romance,
111,Taxi Driver (1976),Crime|Drama|Thriller,
223,Clerks (1994),Comedy,
60069,WALL·E (2008),Adventure|Animation|Children|Romance|Sci-Fi,4
2706,American Pie (1999),Comedy|Romance,
357,Four Weddings and a Funeral (1994),Comedy|Romance,
161,Crimson Tide (1995),Drama|Thriller|War,
6,Heat (1995),Action|Crime|Thriller,
1222,Full Metal Jacket (1987),Drama|War,
5816,Harry Potter and the Chamber of Secrets (2002),Adventure|Fantasy,3.5
778,Trainspotting (1996),Comedy|Crime|Drama,
292,Outbreak (1995),Action|Drama|Sci-Fi|Thriller,
434,Cliffhanger (1993),Action|Adventure|Thriller,
454,"Firm, The (1993)",Drama|Thriller,
912,Casablanca (1942),Drama|Romance,
1517,Austin Powers: International Man of Mystery (1997),Action|Adventure|Comedy,
4022,Cast Away (2000),Drama,
44191,V for Vendetta (2006),Action|Sci-Fi|Thriller|IMAX,3.5
104,Happy Gilmore (1996),Comedy,
2997,Being John Malkovich (1999),Comedy|Drama|Fantasy,
339,While You Were Sleeping (1995),Comedy|Romance,
3114,Toy Story 2 (1999),Adventure|Animation|Children|Comedy|Fantasy,
72998,Avatar (2009),Action|Adventure|Sci-Fi|IMAX,3.5
2987,Who Framed Roger Rabbit? (1988),Adventure|Animation|Children|Comedy|Crime|Fantasy|Mystery,
1617,L.A. Confidential (1997),Crime|Film-Noir|Mystery|Thriller,
750,Dr. Strangelove or: How I Learned to Stop Worrying and Love the Bomb (1964),Comedy|War,
1784,As Good as It Gets (1997),Comedy|Drama|Romance,
1961,Rain Man (1988),Drama,
3949,Requiem for a Dream (2000),Drama,
6365,"Matrix Reloaded, The (2003)",Action|Adventure|Sci-Fi|Thriller|IMAX,3.5
2502,Office Space (1999),Comedy|Crime,
4027,"O Brother, Where Art Thou? (2000)",Adventure|Comedy|Crime,
59315,Iron Man (2008),Action|Adventure|Sci-Fi,
551,"Nightmare Before Christmas, The (1993)",Animation|Children|Fantasy|Musical,
4011,Snatch (2000),Comedy|Crime|Thriller,
8368,Harry Potter and the Prisoner of Azkaban (2004),Adventure|Fantasy|IMAX,
2396,Shakespeare in Love (1998),Comedy|Drama|Romance,
8360,Shrek 2 (2004),Adventure|Animation|Children|Comedy|Musical|Romance,
5378,Star Wars: Episode II - Attack of the Clones (2002),Action|Adventure|Sci-Fi|IMAX,3.5
919,"Wizard of Oz, The (1939)",Adventure|Children|Fantasy|Musical,
2355,"Bug's Life, A (1998)",Adventure|Animation|Children|Comedy,
1917,Armageddon (1998),Action|Romance|Sci-Fi|Thriller,
288,Natural Born Killers (1994),Action|Crime|Thriller,
1259,Stand by Me (1986),Adventure|Drama,
1356,Star Trek: First Contact (1996),Action|Adventure|Sci-Fi|Thriller,
1387,Jaws (1975),Action|Horror,
2174,Beetlejuice (1988),Comedy|Fantasy,
2797,Big (1988),Comedy|Drama|Fantasy|Romance,
3948,Meet the Parents (2000),Comedy,
1610,"Hunt for Red October, The (1990)",Action|Adventure|Thriller,
48780,"Prestige, The (2006)",Drama|Mystery|Sci-Fi|Thriller,
21,Get Shorty (1995),Comedy|Crime|Thriller,
1080,Monty Python's Life of Brian (1979),Comedy,
68157,Inglourious Basterds (2009),Action|Drama|War,
2916,Total Recall (1990),Action|Adventure|Sci-Fi|Thriller,
2324,Life Is Beautiful (La Vita è bella) (1997),Comedy|Drama|Romance|War,
2012,Back to the Future Part III (1990),Adventure|Comedy|Sci-Fi|Western,
19,Ace Ventura: When Nature Calls (1995),Comedy,
2011,Back to the Future Part II (1989),Adventure|Comedy|Sci-Fi,
2617,"Mummy, The (1999)",Action|Adventure|Comedy|Fantasy|Horror|Thriller,
2791,Airplane! (1980),Comedy,
5618,5,Adventure|Animation|Fantasy,
141,"Birdcage, The (1996)",Comedy,
1246,Dead Poets Society (1989),Drama,
1391,Mars Attacks! (1996),Action|Comedy|Sci-Fi,
1653,Gattaca (1997),Drama|Sci-Fi|Thriller,
5218,Ice Age (2002),Adventure|Animation|Children|Comedy,
1307,When Harry Met Sally... (1989),Comedy|Romance,
1393,Jerry Maguire (1996),Drama|Romance,
1220,"Blues Brothers, The (1980)",Action|Comedy|Musical,
32587,Sin City (2005),Action|Crime|Film-Noir|Mystery|Thriller,
95,Broken Arrow (1996),Action|Adventure|Thriller,
904,Rear Window (1954),Mystery|Thriller,
410,Addams Family Values (1993),Children|Comedy|Fantasy,
1101,Top Gun (1986),Action|Romance,
1219,Psycho (1960),Crime|Horror,
3897,Almost Famous (2000),Drama,
16,Casino (1995),Crime|Drama,
788,"Nutty Professor, The (1996)",Comedy|Fantasy|Romance|Sci-Fi,
1584,Contact (1997),Drama|Sci-Fi,
442,Demolition Man (1993),Action|Adventure|Sci-Fi,
49272,Casino Royale (2006),Action|Adventure|Thriller,
54286,"Bourne Ultimatum, The (2007)",Action|Crime|Thriller,
317,"Santa Clause, The (1994)",Comedy|Drama|Fantasy,
300,Quiz Show (1994),Drama,
48394,"Pan's Labyrinth (Laberinto del fauno, El) (2006)",Drama|Fantasy|Thriller,
62,Mr. Holland's Opus (1995),Drama,
1676,Starship Troopers (1997),Action|Sci-Fi,
2291,Edward Scissorhands (1990),Drama|Fantasy|Romance,
51662,300 (2007),Action|Fantasy|War|IMAX,
1247,"Graduate, The (1967)",Comedy|Drama|Romance,
3052,Dogma (1999),Adventure|Comedy|Fantasy,
6934,"Matrix Revolutions, The (2003)",Action|Adventure|Sci-Fi|Thriller|IMAX,
8636,Spider-Man 2 (2004),Action|Adventure|Sci-Fi|IMAX,
3751,Chicken Run (2000),Animation|Children|Comedy,
33493,Star Wars: Episode III - Revenge of the Sith (2005),Action|Adventure|Sci-Fi,3.5
3623,Mission: Impossible II (2000),Action|Adventure|Thriller,
46578,Little Miss Sunshine (2006),Adventure|Comedy|Drama,
8874,Shaun of the Dead (2004),Comedy|Horror,
1573,Face/Off (1997),Action|Crime|Drama|Thriller,
1625,"Game, The (1997)",Drama|Mystery|Thriller,
337,What's Eating Gilbert Grape (1993),Drama,
594,Snow White and the Seven Dwarfs (1937),Animation|Children|Drama|Fantasy|Musical,
25,Leaving Las Vegas (1995),Drama|Romance,
440,Dave (1993),Comedy|Romance,
1225,Amadeus (1984),Drama,
2700,"South Park: Bigger, Longer and Uncut (1999)",Animation|Comedy|Musical,
6333,X2: X-Men United (2003),Action|Adventure|Sci-Fi|Thriller,
69122,"Hangover, The (2009)",Comedy|Crime,
91529,"Dark Knight Rises, The (2012)",Action|Adventure|Crime|IMAX,
3481,High Fidelity (2000),Comedy|Drama|Romance,
8665,"Bourne Supremacy, The (2004)",Action|Crime|Thriller,
6016,City of God (Cidade de Deus) (2002),Action|Adventure|Crime|Drama|Thriller,
3175,Galaxy Quest (1999),Adventure|Comedy|Sci-Fi,
2692,Run Lola Run (Lola rennt) (1998),Action|Crime,
2000,Lethal Weapon (1987),Action|Comedy|Crime|Drama,
368,Maverick (1994),Adventure|Comedy|Western,
1485,Liar Liar (1997),Comedy,
6711,Lost in Translation (2003),Comedy|Drama|Romance,
35836,"40-Year-Old Virgin, The (2005)",Comedy|Romance,
3994,Unbreakable (2000),Drama|Sci-Fi,
109487,Interstellar (2014),Sci-Fi|IMAX,5
1201,"Good, the Bad and the Ugly, The (Buono, il brutto, il cattivo, Il) (1966)",Action|Adventure|Western,
3977,Charlie's Angels (2000),Action|Comedy,
45722,Pirates of the Caribbean: Dead Man's Chest (2006),Action|Adventure|Fantasy,
50872,Ratatouille (2007),Animation|Children|Drama,
99114,Django Unchained (2012),Action|Drama|Western,
6373,Bruce Almighty (2003),Comedy|Drama|Fantasy|Romance,
63082,Slumdog Millionaire (2008),Crime|Drama|Romance,
40815,Harry Potter and the Goblet of Fire (2005),Adventure|Fantasy|Thriller|IMAX,
1028,Mary Poppins (1964),Children|Comedy|Fantasy|Musical,
1079,"Fish Called Wanda, A (1988)",Comedy|Crime,
1407,Scream (1996),Comedy|Horror|Mystery|Thriller,
3408,Erin Brockovich (2000),Drama,
2985,RoboCop (1987),Action|Crime|Drama|Sci-Fi|Thriller,4
4034,Traffic (2000),Crime|Drama|Thriller,
474,In the Line of Fire (1993),Action|Thriller,
235,Ed Wood (1994),Comedy|Drama,
11,"American President, The (1995)",Comedy|Drama|Romance,
520,Robin Hood: Men in Tights (1993),Comedy,
923,Citizen Kane (1941),Drama|Mystery,
1278,Young Frankenstein (1974),Comedy|Fantasy,
7147,Big Fish (2003),Drama|Fantasy|Romance,
89745,"Avengers, The (2012)",Action|Adventure|Sci-Fi|IMAX,
2054,"Honey, I Shrunk the Kids (1989)",Adventure|Children|Comedy|Fantasy|Sci-Fi,
4979,"Royal Tenenbaums, The (2001)",Comedy|Drama,
3753,"Patriot, The (2000)",Action|Drama|War,
266,Legends of the Fall (1994),Drama|Romance|War|Western,
1380,Grease (1978),Comedy|Musical|Romance,
1370,Die Hard 2 (1990),Action|Adventure|Thriller,
48,Pocahontas (1995),Animation|Children|Drama|Musical|Romance,
17,Sense and Sensibility (1995),Drama|Romance,
36,Dead Man Walking (1995),Crime|Drama,
1544,"Lost World: Jurassic Park, The (1997)",Action|Adventure|Sci-Fi|Thriller,
2081,"Little Mermaid, The (1989)",Animation|Children|Comedy|Musical|Romance,
2353,Enemy of the State (1998),Action|Thriller,
2542,"Lock, Stock & Two Smoking Barrels (1998)",Comedy|Crime|Thriller,
4262,Scarface (1983),Action|Crime|Drama,
74458,Shutter Island (2010),Drama|Mystery|Thriller,
1288,This Is Spinal Tap (1984),Comedy,
6863,School of Rock (2003),Comedy|Musical,
508,Philadelphia (1993),Drama,
163,Desperado (1995),Action|Romance|Western,
555,True Romance (1993),Crime|Thriller,
653,Dragonheart (1996),Action|Adventure|Fantasy,
2194,"Untouchables, The (1987)",Action|Crime|Drama,
4246,Bridget Jones's Diary (2001),Comedy|Drama|Romance,2.5
5481,Austin Powers in Goldmember (2002),Comedy,
48385,Borat: Cultural Learnings of America for Make Benefit Glorious Nation of Kazakhstan (2006),Comedy,
56367,Juno (2007),Comedy|Drama|Romance,
70286,District 9 (2009),Mystery|Sci-Fi|Thriller,
553,Tombstone (1993),Action|Drama|Western,
1954,Rocky (1976),Drama,
4025,Miss Congeniality (2000),Comedy|Crime,
55820,No Country for Old Men (2007),Crime|Drama,
48774,Children of Men (2006),Action|Adventure|Drama|Sci-Fi|Thriller,
4447,Legally Blonde (2001),Comedy|Romance,
1234,"Sting, The (1973)",Comedy|Crime,
2710,"Blair Witch Project, The (1999)",Drama|Horror|Thriller,
1035,"Sound of Music, The (1965)",Musical|Romance,
786,Eraser (1996),Action|Drama|Thriller,
353,"Crow, The (1994)",Action|Crime|Fantasy|Thriller,
435,Coneheads (1993),Comedy|Sci-Fi,
1090,Platoon (1986),Drama|War,
2657,"Rocky Horror Picture Show, The (1975)",Comedy|Horror|Musical|Sci-Fi,
5502,Signs (2002),Horror|Sci-Fi|Thriller,
41566,"Chronicles of Narnia: The Lion, the Witch and the Wardrobe, The (2005)",Adventure|Children|Fantasy,
7143,"Last Samurai, The (2003)",Action|Adventure|Drama|War,
3081,Sleepy Hollow (1999),Fantasy|Horror|Mystery|Romance,
56174,I Am Legend (2007),Action|Horror|Sci-Fi|Thriller|IMAX,
3421,Animal House (1978),Comedy,
3671,Blazing Saddles (1974),Comedy|Western,
1374,Star Trek II: The Wrath of Khan (1982),Action|Adventure|Sci-Fi|Thriller,
1304,Butch Cassidy and the Sundance Kid (1969),Action|Western,
1127,"Abyss, The (1989)",Action|Adventure|Sci-Fi|Thriller,
173,Judge Dredd (1995),Action|Crime|Sci-Fi,
158,Casper (1995),Adventure|Children,
3527,Predator (1987),Action|Sci-Fi|Thriller,
51255,Hot Fuzz (2007),Action|Comedy|Crime|Mystery,
8644,"I, Robot (2004)",Action|Adventure|Sci-Fi|Thriller,
5459,Men in Black II (a.k.a. MIIB) (a.k.a. MIB 2) (2002),Action|Comedy|Sci-Fi,
3717,Gone in 60 Seconds (2000),Action|Crime,
30793,Charlie and the Chocolate Factory (2005),Adventure|Children|Comedy|Fantasy|IMAX,
3253,Wayne's World (1992),Comedy,
2321,Pleasantville (1998),Comedy|Drama|Fantasy,
509,"Piano, The (1993)",Drama|Romance,
552,"Three Musketeers, The (1993)",Action|Adventure|Comedy|Romance,
2640,Superman (1978),Action|Adventure|Sci-Fi,
1377,Batman Returns (1992),Action|Crime,
5299,My Big Fat Greek Wedding (2002),Comedy|Romance,
3471,Close Encounters of the Third Kind (1977),Adventure|Drama|Sci-Fi,
2006,"Mask of Zorro, The (1998)",Action|Comedy|Romance,
903,Vertigo (1958),Drama|Mystery|Romance|Thriller,
596,Pinocchio (1940),Animation|Children|Fantasy|Musical,
466,Hot Shots! Part Deux (1993),Action|Comedy|War,
3033,Spaceballs (1987),Comedy|Sci-Fi,
112852,Guardians of the Galaxy (2014),Action|Adventure|Sci-Fi,
68358,Star Trek (2009),Action|Adventure|Sci-Fi|IMAX,
6942,Love Actually (2003),Comedy|Drama|Romance,
6378,"Italian Job, The (2003)",Action|Crime,
3535,American Psycho (2000),Crime|Horror|Mystery|Thriller,
33679,Mr. & Mrs. Smith (2005),Action|Adventure|Comedy|Romance,
2302,My Cousin Vinny (1992),Comedy,
1500,Grosse Pointe Blank (1997),Comedy|Crime|Romance,
420,Beverly Hills Cop III (1994),Action|Comedy|Crime|Thriller,
1252,Chinatown (1974),Crime|Film-Noir|Mystery|Thriller,
1199,Brazil (1985),Fantasy|Sci-Fi,
1552,Con Air (1997),Action|Adventure|Thriller,
2167,Blade (1998),Action|Horror|Thriller,
81845,"King's Speech, The (2010)",Drama,
73017,Sherlock Holmes (2009),Action|Crime|Mystery|Thriller,
54001,Harry Potter and the Order of the Phoenix (2007),Adventure|Drama|Fantasy|IMAX,
34162,Wedding Crashers (2005),Comedy|Romance,
6502,28 Days Later (2002),Action|Horror|Sci-Fi,
5669,Bowling for Columbine (2002),Documentary,
69844,Harry Potter and the Half-Blood Prince (2009),Adventure|Fantasy|Mystery|Romance|IMAX,
1608,Air Force One (1997),Action|Thriller,
1230,Annie Hall (1977),Comedy|Romance,
1207,To Kill a Mockingbird (1962),Drama,
953,It's a Wonderful Life (1946),Children|Drama|Fantasy|Romance,
708,"Truth About Cats & Dogs, The (1996)",Comedy|Romance,
370,Naked Gun 33 1/3: The Final Insult (1994),Action|Comedy,
1394,Raising Arizona (1987),Comedy,
2005,"Goonies, The (1985)",Action|Adventure|Children|Comedy|Fantasy,
80463,"Social Network, The (2010)",Drama,
8641,Anchorman: The Legend of Ron Burgundy (2004),Comedy,
2470,Crocodile Dundee (1986),Adventure|Comedy,
2268,"Few Good Men, A (1992)",Crime|Drama|Thriller,
1276,Cool Hand Luke (1967),Drama,
1203,12 Angry Men (1957),Drama,
908,North by Northwest (1959),Action|Adventure|Mystery|Romance|Thriller,
350,"Client, The (1994)",Drama|Mystery|Thriller,
160,Congo (1995),Action|Adventure|Mystery|Sci-Fi,
2529,Planet of the Apes (1968),Action|Drama|Sci-Fi,
53125,Pirates of the Caribbean: At World's End (2007),Action|Adventure|Comedy|Fantasy,
4370,A.I. Artificial Intelligence (2001),Adventure|Drama|Sci-Fi,
2671,Notting Hill (1999),Comedy|Romance,2.5
2599,Election (1999),Comedy,
1148,Wallace & Gromit: The Wrong Trousers (1993),Animation|Children|Comedy|Crime,
2395,Rushmore (1998),Comedy|Drama,
1641,"Full Monty, The (1997)",Comedy|Drama,
1302,Field of Dreams (1989),Children|Drama|Fantasy,
1777,"Wedding Singer, The (1998)",Comedy|Romance,
4308,Moulin Rouge (2001),Drama|Musical|Romance,
78499,Toy Story 3 (2010),Adventure|Animation|Children|Comedy|Fantasy|IMAX,
54503,Superbad (2007),Comedy,
5956,Gangs of New York (2002),Crime|Drama,
4720,"Others, The (2001)",Drama|Horror|Mystery|Thriller,
2804,"Christmas Story, A (1983)",Children|Comedy,
2080,Lady and the Tramp (1955),Animation|Children|Comedy|Romance,
432,City Slickers II: The Legend of Curly's Gold (1994),Adventure|Comedy|Western,
70,From Dusk Till Dawn (1996),Action|Comedy|Horror|Thriller,
4816,Zoolander (2001),Comedy,
122904,Deadpool (2016),Action|Adventure|Comedy|Sci-Fi,
106782,"Wolf of Wall Street, The (2013)",Comedy|Crime|Drama,
91500,The Hunger Games (2012),Action|Adventure|Drama|Sci-Fi|Thriller,
59784,Kung Fu Panda (2008),Action|Animation|Children|Comedy|IMAX,
784,"Cable Guy, The (1996)",Comedy|Thriller,
4018,What Women Want (2000),Comedy|Romance,
2572,10 Things I Hate About You (1999),Comedy|Romance,
2406,Romancing the Stone (1984),Action|Adventure|Comedy|Romance,
168,First Knight (1995),Action|Drama|Romance,
7,Sabrina (1995),Comedy|Romance,
2701,Wild Wild West (1999),Action|Comedy|Sci-Fi|Western,
76093,How to Train Your Dragon (2010),Adventure|Animation|Children|Fantasy|IMAX,
71535,Zombieland (2009),Action|Comedy|Horror,
49530,Blood Diamond (2006),Action|Adventure|Crime|Drama|Thriller|War,
3911,Best in Show (2000),Comedy,
3489,Hook (1991),Adventure|Comedy|Fantasy,
2947,Goldfinger (1964),Action|Adventure|Thriller,
2712,Eyes Wide Shut (1999),Drama|Mystery|Thriller,
172,Johnny Mnemonic (1995),Action|Sci-Fi|Thriller,
2078,"Jungle Book, The (1967)",Animation|Children|Comedy|Musical,
1997,"Exorcist, The (1973)",Horror|Mystery,
1282,Fantasia (1940),Animation|Children|Fantasy|Musical,
673,Space Jam (1996),Adventure|Animation|Children|Comedy|Fantasy|Sci-Fi,
485,Last Action Hero (1993),Action|Adventure|Comedy|Fantasy,
2699,Arachnophobia (1990),Comedy|Horror,
3552,Caddyshack (1980),Comedy,
109374,"Grand Budapest Hotel, The (2014)",Comedy|Drama,
45499,X-Men: The Last Stand (2006),Action|Sci-Fi|Thriller,
6870,Mystic River (2003),Crime|Drama|Mystery,
52973,Knocked Up (2007),Comedy|Drama|Romance,
3160,Magnolia (1999),Drama,
1639,Chasing Amy (1997),Comedy|Drama|Romance,
1466,Donnie Brasco (1997),Crime|Drama,
225,Disclosure (1994),Drama|Thriller,
3,Grumpier Old Men (1995),Comedy|Romance,
30707,Million Dollar Baby (2004),Drama,
145,Bad Boys (1995),Action|Comedy|Crime|Drama|Thriller,
1215,Army of Darkness (1993),Action|Adventure|Comedy|Fantasy|Horror,
1645,The Devil's Advocate (1997),Drama|Mystery|Thriller,
2100,Splash (1984),Comedy|Fantasy|Romance,
4239,Blow (2001),Crime|Drama,
4776,Training Day (2001),Crime|Drama|Thriller,
4848,Mulholland Drive (2001),Crime|Drama|Film-Noir|Mystery|Thriller,
88125,Harry Potter and the Deathly Hallows: Part 2 (2011),Action|Adventure|Drama|Fantasy|Mystery|IMAX,
34048,War of the Worlds (2005),Action|Adventure|Sci-Fi|Thriller,
34405,Serenity (2005),Action|Adventure|Sci-Fi,
8464,Super Size Me (2004),Comedy|Documentary|Drama,
96079,Skyfall (2012),Action|Adventure|Thriller|IMAX,
116797,The Imitation Game (2014),Drama|Thriller|War,
33166,Crash (2004),Crime|Drama,
2105,Tron (1982),Action|Adventure|Sci-Fi,
8361,"Day After Tomorrow, The (2004)",Action|Adventure|Drama|Sci-Fi|Thriller,
3785,Scary Movie (2000),Comedy|Horror,
2424,You've Got Mail (1998),Comedy|Romance,2.5
910,Some Like It Hot (1959),Comedy|Crime,
333,Tommy Boy (1995),Comedy,
5010,Black Hawk Down (2001),Action|Drama|War,
4643,Planet of the Apes (2001),Action|Adventure|Drama|Sci-Fi,
45447,"Da Vinci Code, The (2006)",Drama|Mystery|Thriller,
5991,Chicago (2002),Comedy|Crime|Drama|Musical,
5464,Road to Perdition (2002),Crime|Drama,
3176,"Talented Mr. Ripley, The (1999)",Drama|Mystery|Thriller,
2641,Superman II (1980),Action|Sci-Fi,
2144,Sixteen Candles (1984),Comedy|Romance,
661,James and the Giant Peach (1996),Adventure|Animation|Children|Fantasy|Musical,
216,Billy Madison (1995),Comedy,
5,Father of the Bride Part II (1995),Comedy,
2694,Big Daddy (1999),Comedy,
134130,The Martian (2015),Adventure|Drama|Sci-Fi,
8784,Garden State (2004),Comedy|Drama|Romance,
7458,Troy (2004),Action|Adventure|Drama|War,
3000,Princess Mononoke (Mononoke-hime) (1997),Action|Adventure|Animation|Drama|Fantasy,
2763,"Thomas Crown Affair, The (1999)",Action|Mystery,
30749,Hotel Rwanda (2004),Drama|War,
2019,Seven Samurai (Shichinin no samurai) (1954),Action|Adventure|Drama,
1748,Dark City (1998),Adventure|Film-Noir|Sci-Fi|Thriller,
1729,Jackie Brown (1997),Crime|Drama|Thriller,
1275,Highlander (1986),Action|Adventure|Fantasy,
745,Wallace & Gromit: A Close Shave (1995),Animation|Children|Comedy,
186,Nine Months (1995),Comedy|Romance,
122882,Mad Max: Fury Road (2015),Action|Adventure|Sci-Fi|Thriller,
81834,Harry Potter and the Deathly Hallows: Part 1 (2010),Action|Adventure|Fantasy|IMAX,
77561,Iron Man 2 (2010),Action|Adventure|Sci-Fi|Thriller|IMAX,
8529,"Terminal, The (2004)",Comedy|Drama|Romance,
7293,50 First Dates (2004),Comedy|Romance,2
5679,"Ring, The (2002)",Horror|Mystery|Thriller,
4014,Chocolat (2000),Drama|Romance,
2717,Ghostbusters II (1989),Comedy|Fantasy|Sci-Fi,
2539,Analyze This (1999),Comedy,
2001,Lethal Weapon 2 (1989),Action|Comedy|Crime|Drama,
1994,Poltergeist (1982),Horror|Thriller,
1921,Pi (1998),Drama|Sci-Fi|Thriller,
1367,101 Dalmatians (1996),Adventure|Children|Comedy,
1358,Sling Blade (1996),Drama,
1320,Alien³ (a.k.a. Alien 3) (1992),Action|Horror|Sci-Fi|Thriller,
1092,Basic Instinct (1992),Crime|Mystery|Thriller,
899,Singin' in the Rain (1952),Comedy|Musical|Romance,
783,"Hunchback of Notre Dame, The (1996)",Animation|Children|Drama|Musical|Romance,
64614,Gran Torino (2008),Crime|Drama,
54272,"Simpsons Movie, The (2007)",Animation|Comedy,
47099,"Pursuit of Happyness, The (2006)",Drama,
7254,The Butterfly Effect (2004),Drama|Sci-Fi|Thriller,
5995,"Pianist, The (2002)",Drama|War,
5902,Adaptation (2002),Comedy|Drama|Romance,
4085,Beverly Hills Cop (1984),Action|Comedy|Crime|Drama,
5060,M*A*S*H (a.k.a. MASH) (1970),Comedy|Drama|War,
3752,"Me, Myself & Irene (2000)",Adventure|Comedy,
2002,Lethal Weapon 3 (1992),Action|Comedy|Crime|Drama,
1884,Fear and Loathing in Las Vegas (1998),Adventure|Comedy|Drama,
1396,Sneakers (1992),Action|Comedy|Crime|Drama|Sci-Fi,
802,Phenomenon (1996),Drama|Romance,
112,Rumble in the Bronx (Hont faan kui) (1995),Action|Adventure|Comedy|Crime,
44,Mortal Kombat (1995),Action|Adventure|Fantasy,
2076,Blue Velvet (1986),Drama|Mystery|Thriller,
3863,"Cell, The (2000)",Drama|Horror|Thriller,
2294,Antz (1998),Adventure|Animation|Children|Comedy|Fantasy,
2490,Payback (1999),Action|Thriller,
2890,Three Kings (1999),Action|Adventure|Comedy|Drama|War,
3255,"League of Their Own, A (1992)",Comedy|Drama,
6537,Terminator 3: Rise of the Machines (2003),Action|Adventure|Sci-Fi,
4270,"Mummy Returns, The (2001)",Action|Adventure|Comedy|Thriller,
4369,"Fast and the Furious, The (2001)",Action|Crime|Thriller,
4571,Bill & Ted's Excellent Adventure (1989),Adventure|Comedy|Sci-Fi,
2023,"Godfather: Part III, The (1990)",Crime|Drama|Mystery|Thriller,
31685,Hitch (2005),Comedy|Romance,
2288,"Thing, The (1982)",Action|Horror|Sci-Fi|Thriller,
4718,American Pie 2 (2001),Comedy,
1907,Mulan (1998),Adventure|Animation|Children|Comedy|Drama|Musical|Romance,
1183,"English Patient, The (1996)",Drama|Romance|War,
236,French Kiss (1995),Action|Comedy|Romance,
1722,Tomorrow Never Dies (1997),Action|Adventure|Thriller,
196,Species (1995),Horror|Sci-Fi,
920,Gone with the Wind (1939),Drama|Romance|War,
616,"Aristocats, The (1970)",Animation|Children,
1204,Lawrence of Arabia (1962),Adventure|Drama|War,
1250,"Bridge on the River Kwai, The (1957)",Adventure|Drama|War,
1266,Unforgiven (1992),Drama|Western,
1371,Star Trek: The Motion Picture (1979),Adventure|Sci-Fi,
1690,Alien: Resurrection (1997),Action|Horror|Sci-Fi,
111759,Edge of Tomorrow (2014),Action|Sci-Fi|IMAX,
79702,Scott Pilgrim vs. the World (2010),Action|Comedy|Fantasy|Musical|Romance,4
52722,Spider-Man 3 (2007),Action|Adventure|Sci-Fi|Thriller|IMAX,
46976,Stranger than Fiction (2006),Comedy|Drama|Fantasy|Romance,
37729,Corpse Bride (2005),Animation|Comedy|Fantasy|Musical|Romance,
33004,"Hitchhiker's Guide to the Galaxy, The (2005)",Adventure|Comedy|Sci-Fi,
8798,Collateral (2004),Action|Crime|Drama|Thriller,
5903,Equilibrium (2002),Action|Sci-Fi|Thriller,
5377,About a Boy (2002),Comedy|Drama|Romance,
4975,Vanilla Sky (2001),Mystery|Romance|Sci-Fi|Thriller,
3499,Misery (1990),Drama|Horror|Thriller,
2085,101 Dalmatians (One Hundred and One Dalmatians) (1961),Adventure|Animation|Children,
1333,"Birds, The (1963)",Horror|Thriller,
913,"Maltese Falcon, The (1941)",Film-Noir|Mystery,
849,Escape from L.A. (1996),Action|Adventure|Sci-Fi|Thriller,
151,Rob Roy (1995),Action|Drama|Romance|War,
3755,"Perfect Storm, The (2000)",Drama|Thriller,
47610,"Illusionist, The (2006)",Drama|Fantasy|Mystery|Romance,
3448,"Good Morning, Vietnam (1987)",Comedy|Drama|War,
3624,Shanghai Noon (2000),Action|Adventure|Comedy|Western,
4310,Pearl Harbor (2001),Action|Drama|Romance|War,
8984,Ocean's Twelve (2004),Action|Comedy|Crime|Thriller,
134853,Inside Out (2015),Adventure|Animation|Children|Comedy|Drama|Fantasy,
60684,Watchmen (2009),Action|Drama|Mystery|Sci-Fi|Thriller|IMAX,
76251,Kick-Ass (2010),Action|Comedy,
87232,X-Men: First Class (2011),Action|Adventure|Sci-Fi|Thriller|War,
2605,Entrapment (1999),Crime|Thriller,
3363,American Graffiti (1973),Comedy|Drama,
3275,"Boondock Saints, The (2000)",Action|Crime|Drama|Thriller,
2455,"Fly, The (1986)",Drama|Horror|Sci-Fi|Thriller,
1376,Star Trek IV: The Voyage Home (1986),Adventure|Comedy|Sci-Fi,
252,I.Q. (1994),Comedy|Romance,
852,Tin Cup (1996),Comedy|Drama|Romance,
1262,"Great Escape, The (1963)",Action|Adventure|Drama|War,
1263,"Deer Hunter, The (1978)",Drama|War,
497,Much Ado About Nothing (1993),Comedy|Romance,
1597,Conspiracy Theory (1997),Drama|Mystery|Romance|Thriller,
1876,Deep Impact (1998),Drama|Sci-Fi|Thriller,
2161,"NeverEnding Story, The (1984)",Adventure|Children|Fantasy,
2278,Ronin (1998),Action|Crime|Thriller,
2407,Cocoon (1985),Comedy|Sci-Fi,
1909,"X-Files: Fight the Future, The (1998)",Action|Crime|Mystery|Sci-Fi|Thriller,
91658,"Girl with the Dragon Tattoo, The (2011)",Drama|Thriller,
81591,Black Swan (2010),Drama|Thriller,
69757,(500) Days of Summer (2009),Comedy|Drama|Romance,2
3868,"Naked Gun: From the Files of Police Squad!, The (1988)",Action|Comedy|Crime|Romance,
3301,"Whole Nine Yards, The (2000)",Comedy|Crime,
3210,Fast Times at Ridgemont High (1982),Comedy|Drama|Romance,
2915,Risky Business (1983),Comedy,
2724,Runaway Bride (1999),Comedy|Romance,
2273,Rush Hour (1998),Action|Comedy|Crime|Thriller,
1967,Labyrinth (1986),Adventure|Fantasy|Musical,
59369,Taken (2008),Action|Crime|Drama|Thriller,
1562,Batman & Robin (1997),Action|Adventure|Fantasy|Thriller,
1022,Cinderella (1950),Animation|Children|Fantasy|Musical|Romance,
355,"Flintstones, The (1994)",Children|Comedy|Fantasy,
441,Dazed and Confused (1993),Comedy,
261,Little Women (1994),Drama,
785,Kingpin (1996),Comedy,
431,Carlito's Way (1993),Crime|Drama,
1042,That Thing You Do! (1996),Comedy|Drama,
1088,Dirty Dancing (1987),Drama|Musical|Romance,
1094,"Crying Game, The (1992)",Drama|Romance|Thriller,
1372,Star Trek VI: The Undiscovered Country (1991),Action|Mystery|Sci-Fi,
1375,Star Trek III: The Search for Spock (1984),Action|Adventure|Sci-Fi,
3916,Remember the Titans (2000),Drama,
122886,Star Wars: Episode VII - The Force Awakens (2015),Action|Adventure|Fantasy|Sci-Fi|IMAX,
115617,Big Hero 6 (2014),Action|Animation|Comedy,
57669,In Bruges (2008),Comedy|Crime|Drama|Thriller,
55247,Into the Wild (2007),Action|Adventure|Drama,
45517,Cars (2006),Animation|Children|Comedy,
7373,Hellboy (2004),Action|Adventure|Fantasy|Horror,
5810,8 Mile (2002),Drama,
4299,"Knight's Tale, A (2001)",Action|Comedy|Romance,
3418,Thelma & Louise (1991),Adventure|Crime|Drama,
3617,Road Trip (2000),Comedy,
2087,Peter Pan (1953),Animation|Children|Fantasy|Musical,
2003,Gremlins (1984),Comedy|Horror,
1285,Heathers (1989),Comedy,
1242,Glory (1989),Drama|War,
762,Striptease (1996),Comedy|Crime,
543,So I Married an Axe Murderer (1993),Comedy|Romance|Thriller,
494,Executive Decision (1996),Action|Adventure|Thriller,
2968,Time Bandits (1981),Adventure|Comedy|Fantasy|Sci-Fi,
31658,Howl's Moving Castle (Hauru no ugoku shiro) (2004),Adventure|Animation|Fantasy|Romance,4.5
4223,Enemy at the Gates (2001),Drama|War,
4367,Lara Croft: Tomb Raider (2001),Action|Adventure,
6807,Monty Python's The Meaning of Life (1983),Comedy,
2541,Cruel Intentions (1999),Drama,
33615,Madagascar (2005),Adventure|Animation|Children|Comedy,
41569,King Kong (2005),Action|Adventure|Drama|Fantasy|Thriller,
44199,Inside Man (2006),Crime|Drama|Thriller,
98809,"Hobbit: An Unexpected Journey, The (2012)",Adventure|Fantasy|IMAX,
3703,"Road Warrior, The (Mad Max 2) (1981)",Action|Adventure|Sci-Fi|Thriller,
6218,Bend It Like Beckham (2002),Comedy|Drama|Romance,
2193,Willow (1988),Action|Adventure|Fantasy,
1032,Alice in Wonderland (1951),Adventure|Animation|Children|Fantasy|Musical,
282,Nell (1994),Drama,
376,"River Wild, The (1994)",Action|Thriller,
471,"Hudsucker Proxy, The (1994)",Comedy,
529,Searching for Bobby Fischer (1993),Drama,
1674,Witness (1985),Drama|Romance|Thriller,
1228,Raging Bull (1980),Drama,
1233,"Boot, Das (Boat, The) (1981)",Action|Drama|War,
1569,My Best Friend's Wedding (1997),Comedy|Romance,
224,Don Juan DeMarco (1995),Comedy|Drama|Romance,
7451,Mean Girls (2004),Comedy,
3300,Pitch Black (2000),Horror|Sci-Fi|Thriller,
3826,Hollow Man (2000),Horror|Sci-Fi|Thriller,
4148,Hannibal (2001),Horror|Thriller,
6188,Old School (2003),Comedy,
6936,Elf (2003),Children|Comedy|Fantasy,
27773,Old Boy (2003),Mystery|Thriller,
8528,Dodgeball: A True Underdog Story (2004),Comedy,
3082,"World Is Not Enough, The (1999)",Action|Adventure|Thriller,
40819,Walk the Line (2005),Drama|Musical|Romance,
53996,Transformers (2007),Action|Sci-Fi|Thriller|IMAX,
59615,Indiana Jones and the Kingdom of the Crystal Skull (2008),Action|Adventure|Comedy|Sci-Fi,
61323,Burn After Reading (2008),Comedy|Crime|Drama,
3174,Man on the Moon (1999),Comedy|Drama,
58998,Forgetting Sarah Marshall (2008),Comedy|Romance,3
3039,Trading Places (1983),Comedy,
2094,"Rocketeer, The (1991)",Action|Adventure|Sci-Fi,
2951,"Fistful of Dollars, A (Per un pugno di dollari) (1964)",Action|Western,
1129,Escape from New York (1981),Action|Adventure|Sci-Fi|Thriller,
1274,Akira (1988),Action|Adventure|Animation|Sci-Fi,
1408,"Last of the Mohicans, The (1992)",Action|Romance|War|Western,
1673,Boogie Nights (1997),Drama,
1953,"French Connection, The (1971)",Action|Crime|Thriller,
8949,Sideways (2004),Comedy|Drama|Romance,
2580,Go (1999),Comedy|Crime,
2723,Mystery Men (1999),Action|Comedy|Fantasy,
2746,Little Shop of Horrors (1986),Comedy|Horror|Musical,
2761,"Iron Giant, The (1999)",Adventure|Animation|Children|Drama|Sci-Fi,
2908,Boys Don't Cry (1999),Drama,
2248,Say Anything... (1989),Comedy|Drama|Romance,
7090,Hero (Ying xiong) (2002),Action|Adventure|Drama,
3702,Mad Max (1979),Action|Adventure|Sci-Fi,
112552,Whiplash (2014),Drama,
91542,Sherlock Holmes: A Game of Shadows (2011),Action|Adventure|Comedy|Crime|Mystery|Thriller,
79091,Despicable Me (2010),Animation|Children|Comedy|Crime,
51540,Zodiac (2007),Crime|Drama|Thriller,
44665,Lucky Number Slevin (2006),Crime|Drama|Mystery,
8972,National Treasure (2004),Action|Adventure|Drama|Mystery|Thriller,
8950,The Machinist (2004),Drama|Mystery|Thriller,
8533,"Notebook, The (2004)",Drama|Romance,1
2289,"Player, The (1992)",Comedy|Crime|Drama,
3362,Dog Day Afternoon (1975),Crime|Drama,
315,"Specialist, The (1994)",Action|Drama|Thriller,
2770,Bowfinger (1999),Comedy,
31,Dangerous Minds (1995),Drama,
277,Miracle on 34th Street (1994),Drama,
29,"City of Lost Children, The (Cité des enfants perdus, La) (1995)",Adventure|Drama|Fantasy|Mystery|Sci-Fi,
2018,Bambi (1942),Animation|Children|Drama,
2124,"Addams Family, The (1991)",Children|Comedy|Fantasy,
2420,"Karate Kid, The (1984)",Drama,
112556,Gone Girl (2014),Drama|Thriller,
92259,Intouchables (2011),Comedy|Drama,
64957,"Curious Case of Benjamin Button, The (2008)",Drama|Fantasy|Mystery|Romance,
55765,American Gangster (2007),Crime|Drama|Thriller,
30810,"Life Aquatic with Steve Zissou, The (2004)",Adventure|Comedy|Fantasy,
8622,Fahrenheit 9/11 (2004),Documentary,
8376,Napoleon Dynamite (2004),Comedy,
5971,My Neighbor Totoro (Tonari no Totoro) (1988),Animation|Children|Drama|Fantasy,
4016,"Emperor's New Groove, The (2000)",Adventure|Animation|Children|Comedy|Fantasy,
5266,Panic Room (2002),Thriller,
2021,Dune (1984),Adventure|Sci-Fi,
1093,"Doors, The (1991)",Drama,
1020,Cool Runnings (1993),Comedy,
832,Ransom (1996),Crime|Thriller,
455,Free Willy (1993),Adventure|Children|Drama,
58,"Postman, The (Postino, Il) (1994)",Comedy|Drama|Romance,
3967,Billy Elliot (2000),Drama,
4638,Jurassic Park III (2001),Action|Adventure|Sci-Fi|Thriller,
3108,"Fisher King, The (1991)",Comedy|Drama|Fantasy|Romance,
3247,Sister Act (1992),Comedy|Crime,
3510,Frequency (2000),Drama|Thriller,
119145,Kingsman: The Secret Service (2015),Action|Adventure|Comedy|Crime,
6947,Master and Commander: The Far Side of the World (2003),Adventure|Drama|War,
34150,Fantastic Four (2005),Action|Adventure|Sci-Fi,
44195,Thank You for Smoking (2006),Comedy|Drama,
2948,From Russia with Love (1963),Action|Adventure|Thriller,
3101,Fatal Attraction (1987),Drama|Thriller,
3034,Robin Hood (1973),Adventure|Animation|Children|Comedy|Musical,
2581,Never Been Kissed (1999),Comedy|Romance,
2231,Rounders (1998),Drama,
1345,Carrie (1976),Drama|Fantasy|Horror|Thriller,
1060,Swingers (1996),Comedy|Drama,
1059,William Shakespeare's Romeo + Juliet (1996),Drama|Romance,
902,Breakfast at Tiffany's (1961),Drama|Romance,2.5
671,Mystery Science Theater 3000: The Movie (1996),Comedy|Sci-Fi,
585,"Brady Bunch Movie, The (1995)",Comedy,
345,"Adventures of Priscilla, Queen of the Desert, The (1994)",Comedy|Drama,
180,Mallrats (1995),Comedy|Romance,
22,Copycat (1995),Crime|Drama|Horror|Mystery|Thriller,
36529,Lord of War (2005),Action|Crime|Drama|Thriller|War,
3809,What About Bob? (1991),Comedy,
7445,Man on Fire (2004),Action|Crime|Drama|Mystery|Thriller,
30812,"Aviator, The (2004)",Drama,
31696,Constantine (2005),Action|Fantasy|Horror|Thriller,
66097,Coraline (2009),Animation|Fantasy|Thriller,
38061,Kiss Kiss Bang Bang (2005),Comedy|Crime|Mystery|Thriller,
60040,"Incredible Hulk, The (2008)",Action|Sci-Fi,
63113,Quantum of Solace (2008),Action|Adventure|Thriller,
3361,Bull Durham (1988),Comedy|Drama|Romance,
3409,Final Destination (2000),Drama|Thriller,
628,Primal Fear (1996),Crime|Drama|Mystery|Thriller,
2427,"Thin Red Line, The (1998)",Action|Drama|War,
1084,Bonnie and Clyde (1967),Crime|Drama,
1029,Dumbo (1941),Animation|Children|Drama|Musical,
914,My Fair Lady (1964),Comedy|Drama|Musical|Romance,
805,"Time to Kill, A (1996)",Drama|Thriller,
719,Multiplicity (1996),Comedy,
256,Junior (1994),Comedy|Sci-Fi,
193,Showgirls (1995),Drama,
170,Hackers (1995),Action|Adventure|Crime|Thriller,
1249,"Femme Nikita, La (Nikita) (1990)",Action|Crime|Romance|Thriller,
45720,"Devil Wears Prada, The (2006)",Comedy|Drama,
6287,Anger Management (2003),Comedy,
6708,Matchstick Men (2003),Comedy|Crime|Drama,
8807,Harold and Kumar Go to White Castle (2004),Adventure|Comedy,
39183,Brokeback Mountain (2005),Drama|Romance,
44555,"Lives of Others, The (Das leben der Anderen) (2006)",Drama|Romance|Thriller,
85414,Source Code (2011),Action|Drama|Mystery|Sci-Fi|Thriller,
54259,Stardust (2007),Adventure|Comedy|Fantasy|Romance,
64839,"Wrestler, The (2008)",Drama,
64969,Yes Man (2008),Comedy,
69481,"Hurt Locker, The (2008)",Action|Drama|Thriller|War,
86332,Thor (2011),Action|Adventure|Drama|Fantasy|IMAX,
4734,Jay and Silent Bob Strike Back (2001),Adventure|Comedy,
5254,Blade II (2002),Action|Horror|Thriller,
60,"Indian in the Cupboard, The (1995)",Adventure|Children|Fantasy,
4641,Ghost World (2001),Comedy|Drama,
1261,Evil Dead II (Dead by Dawn) (1987),Action|Comedy|Fantasy|Horror,
327,Tank Girl (1995),Action|Comedy|Sci-Fi,
362,"Jungle Book, The (1994)",Adventure|Children|Romance,
524,Rudy (1993),Drama,
969,"African Queen, The (1951)",Adventure|Comedy|Romance|War,
1172,Cinema Paradiso (Nuovo cinema Paradiso) (1989),Drama,
4344,Swordfish (2001),Action|Crime|Drama,
1287,Ben-Hur (1959),Action|Adventure|Drama,
1947,West Side Story (1961),Drama|Musical|Romance,
2140,"Dark Crystal, The (1982)",Adventure|Fantasy,
3698,"Running Man, The (1987)",Action|Sci-Fi,
3882,Bring It On (2000),Comedy,
1663,Stripes (1981),Comedy|War,
5673,Punch-Drunk Love (2002),Comedy|Drama|Romance,
3681,For a Few Dollars More (Per qualche dollaro in più) (1965),Action|Drama|Thriller|Western,
3988,How the Grinch Stole Christmas (a.k.a. The Grinch) (2000),Children|Comedy|Fantasy,
4015,"Dude, Where's My Car? (2000)",Comedy|Sci-Fi,
4874,K-PAX (2001),Drama|Fantasy|Mystery|Sci-Fi,
5388,Insomnia (2002),Action|Crime|Drama|Mystery|Thriller,
8957,Saw (2004),Horror|Mystery|Thriller,
6534,Hulk (2003),Action|Adventure|Sci-Fi,
6754,Underworld (2003),Action|Fantasy|Horror,
30825,Meet the Fockers (2004),Comedy,
53322,Ocean's Thirteen (2007),Crime|Thriller,
61132,Tropic Thunder (2008),Action|Adventure|Comedy|War,
3396,"Muppet Movie, The (1979)",Adventure|Children|Comedy|Musical,
3555,U-571 (2000),Action|Thriller|War,
2949,Dr. No (1962),Action|Adventure|Thriller,
342,Muriel's Wedding (1994),Comedy,
1244,Manhattan (1979),Comedy|Drama|Romance,
265,Like Water for Chocolate (Como agua para chocolate) (1992),Drama|Fantasy|Romance,
2393,Star Trek: Insurrection (1998),Action|Drama|Romance|Sci-Fi,
610,Heavy Metal (1981),Action|Adventure|Animation|Horror|Sci-Fi,
637,Sgt. Bilko (1996),Comedy,
1047,"Long Kiss Goodnight, The (1996)",Action|Drama|Thriller,
837,Matilda (1996),Children|Comedy|Fantasy,
1272,Patton (1970),Drama|War,
1882,Godzilla (1998),Action|Sci-Fi|Thriller,
1918,Lethal Weapon 4 (1998),Action|Comedy|Crime|Thriller,
2145,Pretty in Pink (1986),Comedy|Drama|Romance,
2300,"Producers, The (1968)",Comedy,
72011,Up in the Air (2009),Drama|Romance,
8917,Team America: World Police (2004),Action|Adventure|Animation|Comedy,
8970,Finding Neverland (2004),Drama,
53972,Live Free or Die Hard (2007),Action|Adventure|Crime|Thriller,
68237,Moon (2009),Drama|Mystery|Sci-Fi|Thriller,
6281,Phone Booth (2002),Drama|Thriller,
88129,Drive (2011),Crime|Drama|Film-Noir|Thriller,
88140,Captain America: The First Avenger (2011),Action|Adventure|Sci-Fi|Thriller|War,
96610,Looper (2012),Action|Crime|Sci-Fi,
102125,Iron Man 3 (2013),Action|Sci-Fi|Thriller|IMAX,
152081,Zootopia (2016),Action|Adventure|Animation|Children|Comedy,
6541,"League of Extraordinary Gentlemen, The (a.k.a. LXG) (2003)",Action|Fantasy|Sci-Fi,
104841,Gravity (2013),Action|Sci-Fi|IMAX,
6157,Daredevil (2003),Action|Crime,
1912,Out of Sight (1998),Comedy|Crime|Drama|Romance|Thriller,
5064,The Count of Monte Cristo (2002),Action|Adventure|Drama|Thriller,
303,"Quick and the Dead, The (1995)",Action|Thriller|Western,
45,To Die For (1995),Comedy|Drama|Thriller,
1911,Dr. Dolittle (1998),Comedy,
1644,I Know What You Did Last Summer (1997),Horror|Mystery|Thriller,
2160,Rosemary's Baby (1968),Drama|Horror|Thriller,
2944,"Dirty Dozen, The (1967)",Action|Drama|War,
3257,"Bodyguard, The (1992)",Drama|Romance|Thriller,
3285,"Beach, The (2000)",Adventure|Drama,
4361,Tootsie (1982),Comedy|Romance,
46723,Babel (2006),Drama|Thriller,
4446,Final Fantasy: The Spirits Within (2001),Adventure|Animation|Fantasy|Sci-Fi,5
4701,Rush Hour 2 (2001),Action|Comedy,
4890,Shallow Hal (2001),Comedy|Fantasy|Romance,
5630,Red Dragon (2002),Crime|Mystery|Thriller,
34319,"Island, The (2005)",Action|Sci-Fi|Thriller,
110102,Captain America: The Winter Soldier (2014),Action|Adventure|Sci-Fi|IMAX,
61024,Pineapple Express (2008),Action|Comedy|Crime,
72641,"Blind Side, The  (2009)",Drama,
88163,"Crazy, Stupid, Love. (2011)",Comedy|Drama|Romance,
108932,The Lego Movie (2014),Action|Adventure|Animation|Children|Comedy|Fantasy,
3386,JFK (1991),Drama|Mystery|Thriller,
139385,The Revenant (2015),Adventure|Drama,
4321,City Slickers (1991),Comedy|Western,
97938,Life of Pi (2012),Adventure|Drama|IMAX,
3256,Patriot Games (1992),Action|Crime|Drama|Thriller,
1587,Conan the Barbarian (1982),Action|Adventure|Fantasy,
65,Bio-Dome (1996),Comedy,
272,"Madness of King George, The (1994)",Comedy|Drama,
724,"Craft, The (1996)",Drama|Fantasy|Horror|Thriller,
1405,Beavis and Butt-Head Do America (1996),Adventure|Animation|Comedy|Crime,
1566,Hercules (1997),Adventure|Animation|Children|Comedy|Musical,
135,Down Periscope (1996),Comedy,
1717,Scream 2 (1997),Comedy|Horror|Mystery|Thriller,
2953,Home Alone 2: Lost in New York (1992),Children|Comedy,
1747,Wag the Dog (1997),Comedy,
3006,"Insider, The (1999)",Drama|Thriller,
2064,Roger & Me (1989),Documentary,
1805,Wild Things (1998),Crime|Drama|Mystery|Thriller,
2501,October Sky (1999),Drama,
111362,X-Men: Days of Future Past (2014),Action|Adventure|Sci-Fi,
97921,Silver Linings Playbook (2012),Comedy|Drama,
95167,Brave (2012),Action|Adventure|Animation|Children,
84152,Limitless (2011),Sci-Fi|Thriller,
56757,Sweeney Todd: The Demon Barber of Fleet Street (2007),Drama|Horror|Musical|Thriller,
38038,Wallace & Gromit in The Curse of the Were-Rabbit (2005),Adventure|Animation|Children|Comedy,
7022,Battle Royale (Batoru rowaiaru) (2000),Action|Drama|Horror|Thriller,
5219,Resident Evil (2002),Action|Horror|Sci-Fi|Thriller,
2871,Deliverance (1972),Adventure|Drama|Thriller,
95510,"Amazing Spider-Man, The (2012)",Action|Adventure|Sci-Fi|IMAX,
2423,Christmas Vacation (National Lampoon's Christmas Vacation) (1989),Comedy,
2403,First Blood (Rambo: First Blood) (1982),Action|Adventure|Drama|Thriller,
1479,"Saint, The (1997)",Action|Romance|Sci-Fi|Thriller,
1373,Star Trek V: The Final Frontier (1989),Action|Sci-Fi,
1271,Fried Green Tomatoes (1991),Comedy|Crime|Drama,
1267,"Manchurian Candidate, The (1962)",Crime|Thriller|War,
915,Sabrina (1954),Comedy|Romance,
838,Emma (1996),Comedy|Drama|Romance,
348,Bullets Over Broadway (1994),Comedy,
204,Under Siege 2: Dark Territory (1995),Action,
2058,"Negotiator, The (1998)",Action|Crime|Drama|Mystery|Thriller,
5444,Lilo & Stitch (2002),Adventure|Animation|Children|Sci-Fi,
3273,Scream 3 (2000),Comedy|Horror|Mystery|Thriller,
3450,Grumpy Old Men (1993),Comedy,
3745,Titan A.E. (2000),Action|Adventure|Animation|Children|Sci-Fi,
3825,Coyote Ugly (2000),Comedy|Drama|Romance,
115149,John Wick (2014),Action|Thriller,
6155,How to Lose a Guy in 10 Days (2003),Comedy|Romance,1
60074,Hancock (2008),Action|Adventure|Comedy|Crime|Fantasy,
94959,Moonrise Kingdom (2012),Comedy|Drama|Romance,
106696,Frozen (2013),Adventure|Animation|Comedy|Fantasy|Musical|Romance,
2722,Deep Blue Sea (1999),Action|Horror|Sci-Fi|Thriller,
3168,Easy Rider (1969),Adventure|Drama,
246,Hoop Dreams (1994),Documentary,
2485,She's All That (1999),Comedy|Romance,
1269,Arsenic and Old Lace (1944),Comedy|Mystery|Thriller,
647,Courage Under Fire (1996),Action|Crime|Drama|War,
743,Spy Hard (1996),Comedy,
898,"Philadelphia Story, The (1940)",Comedy|Drama|Romance,
1061,Sleepers (1996),Thriller,
2421,"Karate Kid, Part II, The (1986)",Action|Adventure|Drama,
1339,Dracula (Bram Stoker's Dracula) (1992),Fantasy|Horror|Romance|Thriller,
1831,Lost in Space (1998),Action|Adventure|Sci-Fi,
2384,Babe: Pig in the City (1998),Adventure|Children|Drama,
2411,Rocky IV (1985),Action|Drama,
1513,Romy and Michele's High School Reunion (1997),Comedy,
56782,There Will Be Blood (2007),Drama|Western,
4019,Finding Forrester (2000),Drama,
4232,Spy Kids (2001),Action|Adventure|Children|Comedy,
45186,Mission: Impossible III (2006),Action|Adventure|Thriller,
46970,Talladega Nights: The Ballad of Ricky Bobby (2006),Action|Comedy,
82459,True Grit (2010),Western,
60756,Step Brothers (2008),Comedy,
74789,Alice in Wonderland (2010),Adventure|Fantasy|IMAX,
97304,Argo (2012),Drama|Thriller,
115713,Ex Machina (2015),Drama|Sci-Fi|Thriller,
3186,"Girl, Interrupted (1999)",Drama,
3740,Big Trouble in Little China (1986),Action|Adventure|Comedy|Fantasy,
5620,Sweet Home Alabama (2002),Comedy|Romance,
2788,Monty Python's And Now for Something Completely Different (1971),Comedy,
1027,Robin Hood: Prince of Thieves (1991),Adventure|Drama,
24,Powder (1995),Drama|Sci-Fi,
2335,"Waterboy, The (1998)",Comedy,
52,Mighty Aphrodite (1995),Comedy|Drama|Romance,
273,Mary Shelley's Frankenstein (Frankenstein) (1994),Drama|Horror|Sci-Fi,
968,Night of the Living Dead (1968),Horror|Sci-Fi|Thriller,
198,Strange Days (1995),Action|Crime|Drama|Mystery|Sci-Fi|Thriller,
1077,Sleeper (1973),Comedy|Sci-Fi,
1223,"Grand Day Out with Wallace and Gromit, A (1989)",Adventure|Animation|Children|Comedy|Sci-Fi,
1299,"Killing Fields, The (1984)",Drama|War,
2150,"Gods Must Be Crazy, The (1980)",Adventure|Comedy,
2243,Broadcast News (1987),Comedy|Drama|Romance,
40629,Pride & Prejudice (2005),Drama|Romance,
4700,"Princess Diaries, The (2001)",Children|Comedy|Romance,
4901,Spy Game (2001),Action|Crime|Drama|Thriller,
5013,Gosford Park (2001),Comedy|Drama|Mystery,
5872,Die Another Day (2002),Action|Adventure|Thriller,
6503,Charlie's Angels: Full Throttle (2003),Action|Adventure|Comedy|Crime|Thriller,
6787,All the President's Men (1976),Drama|Thriller,
8873,"Motorcycle Diaries, The (Diarios de motocicleta) (2004)",Adventure|Drama,
37733,"History of Violence, A (2005)",Action|Crime|Drama|Thriller,
102445,Star Trek Into Darkness (2013),Action|Adventure|Sci-Fi|IMAX,
52281,Grindhouse (2007),Action|Crime|Horror|Sci-Fi|Thriller,
57368,Cloverfield (2008),Action|Mystery|Sci-Fi|Thriller,
80549,Easy A (2010),Comedy|Romance,3
88744,Rise of the Planet of the Apes (2011),Action|Drama|Sci-Fi|Thriller,
94864,Prometheus (2012),Action|Horror|Sci-Fi|IMAX,
122892,Avengers: Age of Ultron (2015),Action|Adventure|Sci-Fi,
122900,Ant-Man (2015),Action|Adventure|Sci-Fi,
122918,Guardians of the Galaxy 2 (2017),Action|Adventure|Sci-Fi,
166528,Rogue One: A Star Wars Story (2016),Action|Adventure|Fantasy|Sci-Fi,
4002,"Planes, Trains & Automobiles (1987)",Comedy,
4343,Evolution (2001),Comedy|Sci-Fi,
2232,Cube (1997),Horror|Mystery|Sci-Fi|Thriller,
3968,Bedazzled (2000),Comedy,
1293,Gandhi (1982),Drama,
3424,Do the Right Thing (1989),Drama,
720,Wallace & Gromit: The Best of Aardman Animation (1996),Adventure|Animation|Comedy,
741,Ghost in the Shell (Kôkaku kidôtai) (1995),Animation|Sci-Fi,
880,"Island of Dr. Moreau, The (1996)",Sci-Fi|Thriller,
909,"Apartment, The (1960)",Comedy|Drama|Romance,
1021,Angels in the Outfield (1994),Children|Comedy,
1120,"People vs. Larry Flynt, The (1996)",Comedy|Drama,
1179,"Grifters, The (1990)",Crime|Drama|Film-Noir,
1257,Better Off Dead... (1985),Comedy|Romance,
922,Sunset Blvd. (a.k.a. Sunset Boulevard) (1950),Drama|Film-Noir|Romance,
1347,"Nightmare on Elm Street, A (1984)",Horror|Thriller,
3072,Moonstruck (1987),Comedy|Romance,
1499,Anaconda (1997),Action|Adventure|Thriller,
3254,Wayne's World 2 (1993),Comedy,
3252,Scent of a Woman (1992),Drama,
3269,Forever Young (1992),Drama|Romance|Sci-Fi,
2431,Patch Adams (1998),Comedy|Drama,
2109,"Jerk, The (1979)",Comedy,
1982,Halloween (1978),Horror,
2616,Dick Tracy (1990),Action|Crime,
4128,"Lost Boys, The (1987)",Comedy|Horror|Thriller,
3969,Pay It Forward (2000),Drama,
3869,"Naked Gun 2 1/2: The Smell of Fear, The (1991)",Comedy,
3638,Moonraker (1979),Action|Adventure|Sci-Fi|Thriller,
3556,"Virgin Suicides, The (1999)",Drama|Romance,
3476,Jacob's Ladder (1990),Horror|Mystery,
3264,Buffy the Vampire Slayer (1992),Action|Comedy|Horror,
3148,"Cider House Rules, The (1999)",Drama,
2826,"13th Warrior, The (1999)",Action|Adventure|Fantasy,
2795,National Lampoon's Vacation (1983),Comedy,
413,Airheads (1994),Comedy,
2478,¡Three Amigos! (1986),Comedy|Western,
2409,Rocky II (1979),Action|Drama,
2359,Waking Ned Devine (a.k.a. Waking Ned) (1998),Comedy,
2082,"Mighty Ducks, The (1992)",Children|Comedy,
1960,"Last Emperor, The (1987)",Drama,
1614,In & Out (1997),Comedy,
1591,Spawn (1997),Action|Adventure|Sci-Fi|Thriller,
1476,Private Parts (1997),Comedy|Drama,
1235,Harold and Maude (1971),Comedy|Drama|Romance,
916,Roman Holiday (1953),Comedy|Drama|Romance,
107,Muppet Treasure Island (1996),Adventure|Children|Comedy|Musical,
4388,Scary Movie 2 (2001),Comedy,
